Claim,Category,Mileage,AgeP,ModelYear,PreOwned,ServHist
42089.53,Sedan,99754.4,40,2016,Yes,Yes
24097.69,SAV,63926.9,43,2018,No,No
19190.63,Small,134829.8,28,2018,No,Yes
20574.27,Small,59107.4,28,2018,No,Yes
26734.33,SAV,132746.9,22,2017,No,Yes
24477.32,Small,116787.5,54,2014,Yes,Yes
29786.8,Sedan,76442.5,46,2015,No,No
32035.1,Sedan,82752.9,39,2018,Yes,Yes
33099.19,SUV,118047.2,70,2018,No,No
27319.91,Small,141958.9,47,2016,Yes,Yes
24526.63,Sedan,91014.6,45,2019,No,Yes
23793.61,Sedan,126607.6,54,2017,No,Yes
25115.86,SAV,130938.4,35,2013,No,Yes
19083.76,Sedan,54266.5,28,2017,No,Yes
27327.01,SAV,79584.5,55,2017,Yes,Yes
11400.53,Small,84128.6,18,2014,No,Yes
41154.2,SUV,115542.2,50,2017,Yes,Yes
23009.47,SUV,81503.9,48,2018,No,Yes
27110.77,Sedan,90414.8,30,2017,No,Yes
21583.29,Sedan,129210.0,38,2015,Yes,Yes
25258.95,SAV,87288.8,51,2019,Yes,Yes
30543.16,SAV,167255.1,69,2018,No,Yes
49085.87,Super,128971.6,50,2017,No,No
25796.24,SAV,120136.0,32,2018,Yes,Yes
25028.58,Sedan,50305.9,30,2019,No,Yes
21062.84,Sedan,114197.6,20,2017,No,Yes
27564.02,Small,82201.1,32,2016,Yes,Yes
25695.51,Sedan,104061.3,42,2016,No,Yes
19285.91,Small,77421.3,41,2018,No,Yes
30454.36,SAV,114497.3,53,2017,Yes,Yes
28167.24,Small,95115.4,38,2015,No,Yes
17644.09,SAV,48856.6,49,2017,No,Yes
20431.94,Sedan,66212.1,37,2015,Yes,Yes
23691.07,Sedan,35566.8,26,2017,Yes,Yes
23136.15,SAV,94120.1,41,2015,No,Yes
21445.02,Small,76892.6,54,2017,No,Yes
27416.55,Small,125939.1,42,2019,Yes,Yes
15980.46,Small,96351.9,41,2017,No,Yes
33322.28,SUV,105551.2,24,2014,Yes,Yes
17888.67,Small,45613.4,38,2013,Yes,Yes
28190.49,Sedan,97492.2,41,2017,No,No
24511.17,Sedan,113861.4,29,2013,No,Yes
26988.25,SAV,113224.4,37,2018,No,Yes
42784.0,SAV,164855.4,34,2015,Yes,Yes
18228.38,Small,71702.2,33,2017,No,Yes
23140.32,Sedan,168629.3,46,2012,No,Yes
17535.52,Sedan,74549.7,29,2018,No,No
23415.96,Small,115400.0,77,2018,No,No
21094.33,Sedan,119262.8,51,2018,No,Yes
34010.91,SAV,86916.9,42,2018,No,Yes
28975.75,SUV,58716.0,46,2017,No,Yes
17215.79,SAV,76927.8,32,2017,No,Yes
39908.56,Super,122211.3,63,2015,No,Yes
26035.31,SAV,88264.0,44,2018,No,Yes
22392.27,SAV,132934.6,55,2013,No,Yes
39447.29,SAV,130492.4,31,2016,Yes,Yes
26438.82,Sedan,120281.7,72,2017,No,No
34611.11,Sedan,129320.2,27,2014,No,No
24207.04,Sedan,112663.8,63,2017,Yes,Yes
29780.03,Sedan,37389.5,40,2017,Yes,Yes
23510.9,Small,124141.6,26,2013,Yes,Yes
19154.61,Sedan,120422.4,65,2019,Yes,Yes
25031.04,SUV,73039.2,53,2018,No,Yes
29829.4,SAV,71315.3,42,2016,No,Yes
28706.73,SUV,107632.0,48,2016,Yes,No
18239.83,Sedan,109777.5,32,2015,No,Yes
39889.4,SUV,113962.3,62,2017,No,No
20969.76,Small,115392.7,33,2018,No,Yes
13907.76,Sedan,92720.3,33,2013,No,Yes
20151.34,SAV,69570.1,30,2018,No,No
22839.44,Sedan,118308.4,28,2016,No,Yes
28022.62,Sedan,162799.1,51,2018,Yes,Yes
16840.01,Sedan,132624.6,22,2015,No,Yes
32673.6,SAV,113034.6,34,2014,No,Yes
25901.23,Sedan,106452.8,44,2018,No,Yes
18561.23,SAV,79154.6,37,2017,No,No
24775.6,SAV,136493.5,45,2018,No,Yes
22029.48,Sedan,97676.2,37,2015,Yes,No
21125.06,SAV,112820.8,35,2015,No,Yes
19977.2,Sedan,75966.9,30,2018,No,Yes
27093.18,Sedan,81821.2,49,2016,Yes,Yes
22467.76,SAV,92072.9,40,2016,No,Yes
18876.34,Sedan,93956.1,23,2016,No,Yes
26584.74,Small,54273.5,49,2019,No,No
23605.91,SAV,100321.6,28,2018,No,No
20762.58,Small,80633.1,65,2018,No,No
23354.97,Small,75592.6,37,2018,Yes,Yes
29856.57,SAV,87337.0,58,2018,Yes,Yes
30098.91,SUV,95550.1,31,2016,Yes,Yes
24779.34,SAV,109559.7,47,2015,No,Yes
24838.91,SAV,59376.8,36,2018,Yes,Yes
26665.3,Sedan,107608.2,56,2017,No,No
42086.96,SAV,117559.0,58,2016,Yes,No
26803.5,Sedan,95653.1,45,2016,Yes,Yes
23740.98,SAV,82006.1,73,2017,No,No
16861.27,SAV,123521.2,25,2015,No,Yes
31503.76,Sedan,66854.1,43,2017,No,No
20764.24,Small,95940.9,77,2019,Yes,Yes
20716.9,Sedan,50669.1,26,2018,Yes,Yes
22647.51,SAV,112312.1,30,2016,No,Yes
26511.02,SAV,81696.7,32,2015,No,No
37692.96,SUV,80379.7,27,2015,No,Yes
26460.36,SUV,87501.8,30,2016,No,Yes
17079.1,Small,59432.6,56,2018,No,Yes
26569.55,SAV,196089.3,37,2014,Yes,Yes
29277.16,Super,67397.5,39,2016,No,No
25206.9,SAV,81322.4,24,2017,No,Yes
17546.2,Small,91788.4,53,2018,No,No
19064.32,Small,92429.4,33,2018,No,No
29441.94,Sedan,77361.4,45,2014,Yes,Yes
31896.22,Sedan,72050.0,32,2018,Yes,Yes
19270.49,SAV,146562.9,22,2013,No,Yes
22833.06,Small,117203.5,32,2011,No,No
29684.37,SAV,107031.2,31,2017,No,Yes
29974.06,SAV,78984.1,20,2018,Yes,Yes
31048.07,Small,147041.6,60,2019,Yes,No
25038.16,SAV,112110.2,25,2017,No,Yes
26694.25,SUV,80362.8,29,2018,No,No
16821.87,Sedan,59959.9,30,2017,No,Yes
31152.11,Sedan,101802.6,39,2018,No,Yes
30083.68,Sedan,101808.2,41,2018,No,Yes
29219.62,SAV,158716.8,29,2014,Yes,Yes
32791.55,Sedan,88894.3,25,2017,Yes,Yes
18621.1,Sedan,100730.9,58,2018,Yes,Yes
26705.19,SUV,92962.4,70,2017,No,Yes
37585.06,SUV,149755.8,64,2018,Yes,No
31378.62,SUV,117103.2,55,2018,No,Yes
20761.19,Sedan,50014.2,42,2016,No,Yes
30048.9,Sedan,68652.6,29,2018,Yes,Yes
27949.03,SAV,69227.9,40,2017,Yes,Yes
35111.48,Super,108026.2,60,2016,No,Yes
20065.93,Sedan,123841.9,35,2016,No,No
21180.14,Sedan,94555.3,26,2015,No,Yes
26949.68,SAV,102011.7,23,2015,No,Yes
22339.38,Sedan,75959.2,53,2018,No,Yes
22052.59,Sedan,109028.1,26,2017,No,Yes
23224.51,Sedan,83216.3,56,2017,No,No
19127.04,SUV,106980.5,41,2015,No,Yes
21937.97,Sedan,55365.3,23,2016,Yes,Yes
21275.22,Sedan,81144.6,27,2014,No,Yes
19470.34,Sedan,59756.4,37,2017,No,Yes
32117.19,SAV,103710.4,53,2018,Yes,Yes
18609.16,Sedan,44192.3,18,2018,Yes,Yes
22835.45,Small,67213.4,32,2018,Yes,No
24388.08,SAV,85292.6,24,2016,No,Yes
24203.19,Sedan,135040.3,64,2016,Yes,Yes
23520.57,SAV,66934.3,45,2016,No,Yes
23682.62,Sedan,83757.5,29,2018,No,Yes
13942.05,Small,106165.1,24,2016,No,Yes
24426.25,Small,108885.6,58,2016,No,Yes
28519.84,SAV,93766.5,60,2016,Yes,Yes
23462.18,Sedan,64128.1,36,2016,No,No
23630.2,Sedan,118434.7,55,2017,Yes,Yes
35888.73,Sedan,119249.4,30,2014,Yes,No
17620.31,Sedan,130019.7,43,2013,No,No
15591.48,Sedan,172648.3,31,2014,No,No
23476.3,SAV,123453.0,53,2017,No,No
29322.23,SUV,143671.4,54,2016,No,Yes
26424.1,Small,66579.9,24,2017,No,Yes
20373.53,Sedan,115106.5,43,2017,Yes,Yes
34566.48,SUV,74237.7,39,2016,No,No
40745.61,SAV,126727.6,32,2016,Yes,Yes
22612.04,Sedan,115687.0,47,2016,Yes,Yes
25666.74,Sedan,81196.0,57,2016,No,Yes
28354.68,SAV,120465.2,35,2016,Yes,Yes
21883.4,Sedan,126350.1,45,2015,No,Yes
23972.93,Sedan,178149.1,59,2016,No,No
28323.16,SAV,140702.9,27,2016,Yes,No
19587.01,Small,83083.5,28,2016,Yes,No
29127.71,SAV,52591.3,29,2018,No,Yes
15835.09,Sedan,78623.8,23,2015,No,Yes
21861.64,Sedan,77776.4,36,2019,No,Yes
25919.83,Sedan,105210.3,32,2018,Yes,Yes
23637.92,SAV,146182.3,48,2014,No,Yes
24960.81,SAV,80062.4,45,2017,No,Yes
12362.21,Small,54484.2,47,2018,No,No
19489.41,Sedan,48342.0,25,2018,No,Yes
36813.5,SAV,67022.2,55,2018,Yes,Yes
27884.69,SAV,58325.3,42,2015,No,Yes
22706.19,SAV,121638.1,32,2018,No,Yes
32581.13,Sedan,122926.2,45,2017,Yes,Yes
27780.21,Sedan,91001.5,73,2019,No,No
29450.64,Sedan,96448.2,41,2018,Yes,Yes
21124.68,Small,114285.3,27,2014,Yes,Yes
24693.41,SAV,149769.8,33,2016,No,No
17154.36,Sedan,35229.0,17,2017,Yes,Yes
26177.62,Sedan,122152.3,22,2017,Yes,No
19321.69,Sedan,92684.3,29,2015,No,Yes
20188.01,SUV,57228.3,20,2018,Yes,No
22928.59,Sedan,121237.3,51,2018,Yes,No
25311.08,Sedan,90756.0,38,2018,No,Yes
27583.64,Small,87856.1,34,2019,No,Yes
23022.84,Sedan,109907.2,27,2014,No,No
22633.04,Sedan,81610.1,42,2014,No,No
24607.48,Sedan,115904.6,52,2019,No,No
24083.79,SAV,118191.7,70,2015,Yes,Yes
32722.15,SUV,96333.1,33,2017,No,No
21906.86,Small,139828.2,24,2016,No,Yes
23760.31,Sedan,63780.0,28,2016,No,No
18558.6,Sedan,93367.1,37,2016,No,Yes
20375.27,Sedan,71927.8,36,2018,Yes,Yes
16912.08,Sedan,94307.4,29,2017,No,Yes
27329.11,SAV,105318.7,28,2018,No,No
24761.01,SAV,159307.7,28,2016,No,Yes
25995.73,SAV,63840.8,36,2017,No,Yes
14446.32,Sedan,110419.4,26,2018,Yes,Yes
29551.5,Sedan,91147.5,51,2017,No,Yes
29392.27,Small,111237.6,39,2015,Yes,Yes
28301.52,SAV,155574.3,35,2015,Yes,No
24648.05,SAV,84750.2,55,2018,No,Yes
21303.95,SAV,73428.2,33,2016,No,No
26623.14,SAV,102880.4,28,2012,Yes,Yes
46067.88,SUV,125456.4,49,2016,Yes,No
29993.29,SAV,93058.2,31,2015,No,Yes
25007.0,SAV,63410.6,28,2017,Yes,Yes
24418.86,SAV,118844.6,31,2012,Yes,No
17568.57,Small,109356.8,26,2014,No,No
25924.45,Small,86904.0,38,2016,No,Yes
25442.2,SAV,53352.4,36,2017,No,No
21511.1,Sedan,113241.6,51,2016,No,Yes
23973.33,Small,107618.7,48,2013,No,No
26616.52,Sedan,108701.8,30,2016,Yes,No
17419.53,Sedan,57666.3,24,2017,Yes,Yes
21112.71,SUV,84276.1,46,2016,Yes,Yes
31287.89,SUV,73353.6,43,2017,No,Yes
43017.23,SUV,125800.8,48,2015,Yes,Yes
20859.79,SAV,76103.0,31,2018,No,Yes
30153.17,Small,171628.8,29,2014,Yes,No
21268.6,Sedan,76618.0,33,2016,No,Yes
26151.64,Sedan,68749.8,44,2015,Yes,Yes
26019.52,Sedan,161537.2,39,2017,Yes,No
28367.09,SAV,91237.0,68,2019,Yes,Yes
26397.1,Small,101084.2,40,2013,Yes,Yes
31643.66,Sedan,106261.8,40,2017,Yes,Yes
23871.38,Sedan,75162.2,35,2018,No,Yes
26429.16,SAV,110622.9,49,2016,Yes,Yes
16260.06,Sedan,100886.4,24,2014,Yes,No
23344.86,SAV,123682.9,34,2014,No,Yes
16262.17,Sedan,86903.4,31,2015,Yes,Yes
29477.89,SAV,111998.7,35,2018,Yes,Yes
29923.24,SAV,128691.0,50,2018,No,Yes
13473.45,Sedan,94363.5,22,2015,No,No
23221.9,Sedan,68654.7,35,2018,No,Yes
23922.74,SUV,89379.9,23,2015,No,Yes
26726.45,Sedan,108166.2,43,2016,No,Yes
21815.43,SAV,65715.2,21,2014,No,Yes
30743.71,Sedan,73513.0,23,2018,No,Yes
20376.08,Sedan,57585.7,27,2016,No,Yes
18798.84,Sedan,123914.6,37,2018,No,Yes
19559.29,Sedan,60667.2,27,2018,No,Yes
26515.78,SAV,63728.1,29,2015,Yes,No
27307.17,Sedan,49372.8,41,2018,Yes,No
33492.63,SAV,120250.7,28,2016,Yes,No
13637.69,Small,108449.6,23,2014,No,Yes
19012.41,Sedan,115803.9,44,2018,No,No
23745.74,Small,130848.7,36,2014,Yes,No
28706.86,SAV,107148.3,44,2016,No,Yes
15575.37,Sedan,54845.7,49,2018,No,Yes
18733.42,Small,105214.0,34,2017,No,Yes
21283.03,Sedan,100668.1,39,2019,Yes,No
19881.42,Small,124167.5,50,2016,No,Yes
22206.97,Sedan,111523.5,30,2016,No,Yes
20344.76,Sedan,58310.8,22,2019,Yes,Yes
27798.55,SAV,130770.3,42,2016,No,Yes
19587.07,SUV,161783.7,18,2012,Yes,No
18846.47,Small,87896.6,25,2013,No,Yes
29633.97,Sedan,110151.5,26,2014,Yes,Yes
23023.29,SAV,73211.0,26,2015,No,No
22966.54,SAV,146035.4,50,2018,No,No
32894.62,Super,105055.1,26,2015,Yes,Yes
22444.8,Sedan,72904.7,43,2018,Yes,No
29063.2,Sedan,131309.4,38,2017,Yes,Yes
28906.16,Small,76567.5,24,2016,No,No
30535.72,Sedan,124774.2,55,2018,Yes,Yes
18140.1,Sedan,94522.5,18,2014,No,Yes
19356.77,Sedan,87833.4,39,2017,No,Yes
29577.08,Sedan,150509.4,71,2014,Yes,Yes
28809.87,SAV,88320.1,37,2013,No,Yes
29760.06,SAV,106816.7,40,2014,Yes,No
16354.29,Sedan,123771.7,62,2018,No,Yes
21549.97,SUV,97283.6,55,2017,No,Yes
20727.88,Small,101620.7,28,2017,No,No
27515.86,SUV,102043.2,29,2017,Yes,Yes
25656.97,Small,143157.3,46,2015,No,Yes
20096.86,SAV,87542.2,66,2017,No,Yes
21678.87,SAV,79806.4,49,2017,No,Yes
33507.99,SUV,57106.3,39,2017,No,Yes
20066.88,SAV,64122.6,28,2018,No,No
20000.2,SAV,100987.7,19,2015,No,Yes
30943.4,Sedan,109800.2,55,2018,Yes,No
38076.78,SUV,110081.9,32,2016,Yes,Yes
24974.28,Sedan,37731.6,42,2019,No,Yes
29561.79,Sedan,119508.0,43,2016,No,Yes
27423.03,SAV,119849.9,29,2017,No,No
29902.74,Sedan,108524.2,34,2018,No,Yes
20384.38,Small,124124.1,46,2017,No,No
13368.34,Sedan,92911.4,17,2016,Yes,Yes
25768.45,SUV,48976.9,46,2016,No,Yes
18932.63,Small,125365.7,33,2013,No,Yes
16647.71,Small,56755.7,49,2017,No,Yes
32553.91,SAV,134556.3,28,2013,Yes,Yes
28490.19,Sedan,130253.6,46,2015,Yes,Yes
18467.77,Small,87337.5,36,2014,No,Yes
26260.48,Sedan,103134.9,66,2016,No,Yes
25844.78,SAV,76054.6,29,2017,No,Yes
34176.09,Sedan,56826.8,41,2019,Yes,Yes
20277.48,Sedan,115418.5,45,2017,No,Yes
22636.33,Sedan,106792.2,44,2017,No,No
28239.18,SAV,115782.0,33,2017,No,Yes
20938.36,SAV,93176.8,34,2018,No,Yes
21761.82,SUV,153641.8,63,2014,No,No
26453.66,Sedan,75630.4,65,2017,Yes,Yes
27374.55,Small,79708.7,44,2017,Yes,Yes
29615.54,Small,55142.8,60,2019,Yes,No
21737.74,SAV,106192.7,77,2019,No,Yes
18627.04,Small,69799.3,35,2017,Yes,Yes
22785.7,Sedan,91810.4,41,2017,No,No
25420.03,SAV,53801.2,42,2016,Yes,Yes
26116.31,SAV,81449.5,36,2017,No,No
30649.03,Sedan,110206.3,28,2017,Yes,No
18283.87,SAV,101316.3,25,2012,No,No
26231.98,Sedan,73071.5,67,2019,No,No
23262.23,Sedan,80445.1,30,2018,No,No
24221.0,Sedan,118750.9,30,2017,No,No
35242.8,Small,116695.2,43,2018,No,Yes
30524.46,SUV,87550.6,62,2017,Yes,Yes
23342.62,Sedan,141958.7,50,2015,Yes,No
26314.46,SAV,85012.7,59,2018,No,Yes
35058.2,SAV,123590.4,35,2014,Yes,Yes
28126.71,Sedan,124170.5,27,2019,No,Yes
25960.45,Sedan,74710.0,34,2016,No,Yes
29936.89,Sedan,188877.0,57,2018,Yes,Yes
20956.12,Sedan,118498.1,52,2013,Yes,Yes
21952.67,Sedan,78912.1,42,2017,No,Yes
16897.64,Small,109163.9,22,2012,Yes,Yes
17160.95,Sedan,117184.5,57,2017,No,Yes
20501.16,Sedan,99959.7,59,2018,Yes,No
21157.41,Sedan,109267.9,29,2016,No,Yes
26098.0,Sedan,86844.5,28,2015,Yes,No
26834.76,Sedan,103748.8,32,2016,No,No
30151.31,Sedan,70487.9,40,2017,Yes,Yes
30591.85,SAV,113539.7,45,2018,Yes,Yes
25653.45,SAV,57080.7,26,2017,Yes,Yes
22698.34,Sedan,48080.6,26,2016,No,No
23839.37,SAV,85903.4,34,2017,No,No
29580.29,SAV,78484.6,54,2017,Yes,No
25453.97,Sedan,77963.9,28,2019,No,Yes
21606.91,Sedan,152585.0,52,2012,No,No
19458.69,SAV,59565.4,18,2015,No,Yes
26262.5,Sedan,96114.7,41,2017,Yes,Yes
23801.76,SAV,115531.7,41,2017,No,Yes
27928.94,SAV,65833.3,26,2017,No,Yes
25445.94,Sedan,88918.3,37,2018,No,Yes
20968.95,Sedan,105181.3,23,2015,No,Yes
38613.07,SUV,119184.7,62,2018,Yes,Yes
19511.51,Small,84863.7,68,2018,No,No
26772.39,SAV,73647.6,46,2015,No,Yes
19321.39,SAV,109736.5,22,2015,Yes,Yes
23318.99,Small,81837.7,31,2018,Yes,Yes
19056.06,Sedan,91007.8,64,2018,No,Yes
20631.74,Sedan,96442.9,48,2016,No,Yes
32344.73,SUV,114389.3,50,2018,Yes,Yes
28242.02,Sedan,102536.1,27,2018,No,No
29329.78,SAV,46146.3,36,2019,No,Yes
18537.14,Sedan,138581.3,49,2013,No,No
17413.77,SAV,104010.8,28,2017,No,Yes
17502.18,Sedan,70859.1,31,2018,Yes,No
20831.24,Sedan,81940.9,41,2017,No,No
18214.82,SAV,63261.6,66,2016,No,Yes
24336.71,SAV,70890.7,44,2019,No,Yes
33262.9,SAV,94367.5,34,2016,Yes,Yes
31881.32,Sedan,191435.3,56,2016,Yes,Yes
19981.14,SAV,138222.4,26,2013,No,No
27672.09,Small,68761.6,38,2019,Yes,No
24541.76,Small,116291.1,35,2018,Yes,Yes
26420.47,Sedan,122295.0,50,2015,No,Yes
19701.43,Sedan,91170.1,50,2015,No,No
24965.5,SAV,97151.2,62,2019,No,Yes
20388.89,SUV,81520.9,36,2014,No,Yes
22869.19,Sedan,100637.1,64,2016,No,Yes
26733.83,Sedan,117965.6,52,2017,No,No
21079.96,SAV,151315.8,28,2012,No,Yes
19910.12,Sedan,155791.2,42,2016,Yes,No
20058.5,Sedan,137072.4,22,2016,No,Yes
25895.75,SUV,74793.7,43,2018,Yes,Yes
24600.41,Sedan,162258.5,48,2017,Yes,Yes
30325.81,SUV,127265.8,56,2014,Yes,Yes
22004.35,Sedan,38435.7,33,2015,No,Yes
33472.99,Sedan,87688.4,31,2018,Yes,No
36418.3,Sedan,112486.0,30,2017,Yes,No
20880.5,Sedan,113200.7,26,2012,No,Yes
18677.9,Sedan,117525.9,30,2013,No,Yes
29360.99,SUV,88607.8,34,2018,No,Yes
20856.94,Sedan,58788.6,22,2016,Yes,No
26933.08,SAV,86336.1,40,2016,No,Yes
22170.47,Sedan,111505.9,27,2012,No,No
24307.99,SAV,62705.8,32,2018,No,Yes
38010.59,Sedan,94220.1,42,2017,No,Yes
23199.59,Sedan,108303.0,39,2017,No,Yes
28730.91,SAV,129113.8,51,2013,No,Yes
31072.17,SUV,161250.1,25,2013,Yes,Yes
23339.51,SAV,87092.2,22,2013,Yes,No
20435.4,Small,69047.5,49,2018,No,Yes
27003.3,SAV,104099.4,45,2013,No,No
24444.7,SUV,78818.9,37,2016,Yes,Yes
35175.54,SUV,103799.0,35,2015,Yes,Yes
23675.52,Sedan,98094.5,37,2015,Yes,Yes
28106.23,Sedan,140112.3,30,2015,Yes,Yes
24577.18,Sedan,117540.0,50,2017,No,No
23597.37,Sedan,108035.2,50,2013,No,Yes
31187.22,SAV,132998.9,28,2015,Yes,Yes
22288.68,Sedan,81606.2,19,2017,Yes,Yes
25632.08,SAV,110546.0,45,2017,No,No
22667.56,SAV,119769.9,24,2015,No,Yes
22504.33,Small,106459.0,46,2012,No,Yes
25336.43,Sedan,107828.7,34,2018,Yes,Yes
25191.56,Sedan,93837.3,67,2017,Yes,No
23084.76,Sedan,68651.5,49,2017,No,No
25593.02,SUV,70288.0,30,2016,Yes,Yes
26002.46,Sedan,164018.8,46,2013,Yes,No
23953.54,Small,101325.0,31,2014,No,Yes
20938.49,SAV,71528.5,20,2015,No,Yes
24635.94,SAV,164859.4,25,2014,No,No
28243.36,Sedan,158517.0,50,2014,No,Yes
26292.08,Sedan,135183.7,27,2017,No,Yes
28337.39,SAV,108256.7,41,2016,No,Yes
14893.69,Sedan,94327.2,23,2015,No,Yes
25257.81,Sedan,146921.1,39,2016,No,No
21040.34,Sedan,197649.1,42,2016,No,No
30286.1,SAV,111270.0,42,2018,No,Yes
29831.11,SUV,99051.0,23,2015,Yes,No
26095.44,Sedan,118114.8,20,2016,No,Yes
21998.38,SAV,79865.7,21,2016,No,Yes
22590.62,Sedan,55609.2,46,2018,No,No
26758.92,Sedan,55786.5,63,2018,No,Yes
21007.95,Sedan,93973.7,46,2016,No,Yes
26993.31,Sedan,145878.1,30,2013,Yes,Yes
33750.62,Super,112455.6,22,2015,No,Yes
27097.92,SAV,97137.2,42,2018,No,No
23609.69,SAV,86490.8,29,2016,Yes,Yes
23332.49,Small,108529.0,38,2016,Yes,Yes
21882.44,Super,82847.6,34,2018,No,Yes
27356.58,Small,88461.9,41,2016,Yes,Yes
30189.64,SAV,49950.1,41,2015,Yes,Yes
28381.74,Small,114550.0,40,2018,No,No
17663.71,Sedan,75560.2,37,2016,No,Yes
22057.35,Sedan,103674.3,68,2019,No,Yes
27148.67,SUV,93777.7,62,2018,No,Yes
24042.63,SAV,134633.6,76,2017,No,Yes
32025.99,SUV,170017.5,35,2016,No,Yes
24538.92,Sedan,94762.3,30,2018,No,Yes
42103.69,SUV,202394.3,35,2012,Yes,No
21391.59,SAV,71545.3,24,2018,No,Yes
27512.72,Sedan,57596.8,43,2016,Yes,Yes
23162.31,SUV,106816.1,57,2017,Yes,No
18984.94,Small,89098.1,57,2016,No,Yes
21439.25,Sedan,58042.9,26,2016,No,No
26505.23,SAV,118178.4,38,2015,No,Yes
29861.17,SAV,46370.0,38,2017,No,Yes
26815.93,SUV,44532.9,47,2019,Yes,Yes
21322.56,SAV,82012.4,69,2019,No,Yes
22851.37,SUV,63142.7,29,2013,No,Yes
20923.43,SAV,58944.1,33,2017,No,Yes
30577.26,SUV,117071.1,50,2014,Yes,Yes
17138.86,Small,66259.9,21,2018,No,Yes
24379.89,SAV,48884.1,28,2018,No,Yes
19950.96,Sedan,122645.3,42,2016,No,Yes
17393.82,SAV,65241.7,55,2019,No,No
24485.03,Sedan,101789.7,30,2015,No,Yes
33897.77,SUV,78521.8,34,2016,Yes,Yes
26739.53,Small,117879.4,47,2013,No,Yes
13866.26,Small,81183.1,70,2015,No,No
20950.6,Small,85304.8,42,2017,Yes,No
24959.62,Sedan,67872.5,20,2015,Yes,No
27787.66,SAV,101328.2,62,2017,No,Yes
26708.88,SAV,156613.1,40,2015,No,No
18723.13,Sedan,88975.8,44,2015,No,Yes
25259.67,SAV,139532.2,37,2016,Yes,Yes
24259.8,Sedan,74526.1,37,2017,No,No
38664.99,SAV,102231.6,45,2017,No,Yes
39765.29,SAV,84415.3,51,2018,No,Yes
24332.4,SUV,66747.9,24,2015,Yes,No
26000.06,Sedan,70407.2,30,2017,No,Yes
29617.31,SAV,175665.4,52,2014,No,Yes
13813.03,Small,60683.0,31,2017,No,Yes
24762.88,SAV,93152.6,23,2015,No,No
19203.24,Small,77377.9,81,2018,Yes,No
24096.84,Small,135106.1,33,2015,No,No
33033.33,Sedan,73852.7,43,2016,Yes,Yes
43172.63,SAV,113382.5,42,2018,Yes,Yes
26562.46,Sedan,83057.9,33,2017,No,Yes
22325.82,Sedan,151842.4,31,2015,No,Yes
23615.64,SAV,80241.4,31,2018,No,Yes
24993.8,Sedan,93156.4,32,2015,Yes,Yes
18823.9,Sedan,78471.9,36,2016,No,Yes
21317.2,Sedan,39768.2,24,2017,No,No
16710.11,SAV,93212.7,34,2015,No,Yes
22649.49,Small,122407.2,44,2015,Yes,Yes
26456.66,Sedan,82859.0,57,2018,No,Yes
22767.11,SAV,87680.7,32,2014,Yes,Yes
29037.53,Sedan,107648.6,45,2015,No,No
24161.18,Sedan,86296.1,29,2019,Yes,Yes
23898.24,Sedan,85233.7,38,2016,No,No
34073.34,Sedan,93404.1,25,2015,No,Yes
24625.14,Sedan,143864.7,40,2016,No,Yes
21120.72,SAV,113831.9,33,2016,No,Yes
36985.3,SAV,55703.9,49,2019,Yes,Yes
22188.25,Sedan,63421.1,33,2018,No,Yes
22779.67,SAV,92000.5,39,2018,No,Yes
16879.38,Sedan,110723.8,24,2015,No,Yes
15445.66,Sedan,63353.6,29,2017,No,Yes
26858.33,SUV,71589.1,25,2017,No,Yes
25000.74,Sedan,106447.0,28,2017,No,Yes
23028.16,Sedan,87098.3,37,2019,Yes,No
15889.61,Small,121736.3,41,2016,No,No
25755.5,Sedan,90086.5,26,2015,No,Yes
16783.67,Sedan,174791.5,21,2013,No,Yes
26535.44,Sedan,122247.8,40,2015,No,No
30280.8,Sedan,120421.5,58,2018,No,Yes
32651.6,SAV,100803.6,31,2015,No,Yes
21573.49,Small,91752.8,38,2018,No,Yes
38058.55,SAV,144329.7,43,2018,No,No
25055.82,Small,118922.7,65,2015,No,Yes
32481.24,SUV,126885.3,53,2017,No,No
19029.32,Sedan,84169.7,24,2018,No,Yes
25496.89,Sedan,116922.2,41,2018,Yes,Yes
36699.6,SAV,106650.9,55,2015,No,Yes
28348.06,SUV,81675.3,31,2016,No,No
15402.89,Small,61119.5,25,2019,No,Yes
27490.12,Sedan,134153.1,63,2017,Yes,Yes
22673.52,SAV,88068.4,32,2015,No,Yes
27979.46,SAV,127157.5,53,2017,No,Yes
27246.34,SAV,103509.3,49,2017,No,No
33151.05,SAV,110203.8,59,2017,Yes,Yes
26122.93,Sedan,96082.6,27,2017,No,Yes
19884.24,Small,104410.8,23,2016,No,No
30018.9,SUV,132165.1,53,2015,No,No
26176.75,SAV,148944.5,55,2017,No,Yes
33174.71,SUV,111457.8,41,2017,No,Yes
37417.03,SUV,87331.5,45,2013,No,No
25932.17,Small,109109.3,22,2017,Yes,Yes
27837.59,SUV,137697.3,22,2017,No,Yes
25465.32,Sedan,127609.8,48,2016,Yes,Yes
24311.04,Sedan,49528.5,30,2015,Yes,Yes
27802.43,SAV,64052.3,48,2018,No,Yes
29938.32,SUV,101702.2,34,2019,No,No
31454.17,SAV,85418.1,71,2016,Yes,Yes
13596.48,Small,99183.1,19,2014,No,Yes
17523.38,Sedan,109919.3,57,2016,Yes,Yes
22095.33,SAV,77257.7,45,2019,Yes,Yes
18430.03,Sedan,72835.1,33,2018,No,Yes
20513.32,Small,72773.4,30,2018,No,Yes
23525.09,Sedan,137279.2,42,2017,Yes,Yes
19702.81,Sedan,143804.2,45,2014,No,Yes
25685.26,Small,114956.7,77,2018,No,Yes
19553.04,SAV,85468.2,60,2018,No,Yes
25615.99,Small,54199.4,39,2015,Yes,No
25959.1,Sedan,101298.4,27,2018,No,Yes
25666.01,Sedan,150523.2,23,2016,No,Yes
29112.57,SUV,98791.3,55,2018,Yes,Yes
26527.36,Sedan,109052.8,23,2018,No,No
22272.64,SAV,68877.9,39,2018,No,Yes
20832.2,Sedan,140992.0,34,2013,No,Yes
50894.93,SAV,134299.9,53,2015,Yes,Yes
27889.68,Sedan,159211.4,49,2013,No,Yes
20025.39,Small,62327.0,38,2017,No,No
20284.99,Small,58884.3,24,2014,No,Yes
22160.81,Small,78137.8,35,2016,No,Yes
21183.66,Sedan,123792.0,22,2014,Yes,Yes
17279.61,Small,71980.1,26,2016,No,No
24585.76,Sedan,74415.0,37,2015,No,Yes
33110.21,Sedan,157646.9,42,2014,Yes,Yes
19826.85,Sedan,93418.9,20,2013,Yes,Yes
19194.56,SAV,79887.0,30,2016,No,No
20940.36,Sedan,135409.2,27,2012,No,No
33351.06,SUV,102918.8,34,2017,Yes,Yes
29178.53,Sedan,107642.8,47,2017,No,No
31853.01,SUV,106029.7,21,2016,No,Yes
19154.41,Sedan,129987.2,81,2017,Yes,Yes
23387.07,Sedan,118704.0,30,2013,No,No
24893.62,SUV,119611.9,74,2017,No,Yes
22728.28,Sedan,97090.2,31,2015,No,Yes
27228.24,Sedan,85141.9,39,2017,No,Yes
22363.12,Sedan,139673.6,37,2013,Yes,Yes
24905.86,SAV,156158.8,23,2015,Yes,Yes
22268.02,SAV,37761.8,19,2016,Yes,Yes
28509.1,SAV,84211.7,29,2019,No,Yes
20394.9,Sedan,74816.6,30,2018,No,No
29668.07,Sedan,83929.1,52,2016,Yes,Yes
23972.81,Sedan,76441.7,29,2018,Yes,No
29797.86,Sedan,130071.9,53,2015,No,Yes
24204.91,Small,91528.2,43,2016,No,Yes
29895.45,SAV,109054.3,53,2017,Yes,Yes
19915.47,Sedan,77354.7,48,2019,No,No
24344.27,SAV,70242.6,55,2017,Yes,Yes
25686.75,Sedan,129590.4,50,2017,No,Yes
29949.4,SUV,59448.2,40,2019,Yes,No
15646.04,Small,89278.6,47,2015,No,Yes
30002.4,Sedan,101438.8,63,2017,Yes,Yes
15834.8,SAV,98645.4,32,2016,No,No
24984.01,Sedan,95831.2,65,2019,No,No
27194.17,SUV,96486.9,47,2014,Yes,Yes
40249.14,Sedan,83654.1,57,2016,No,Yes
16775.07,Sedan,114242.0,33,2017,No,Yes
25090.07,SAV,118154.0,29,2016,No,No
18981.2,SAV,86587.0,19,2018,No,Yes
27703.41,Small,57738.6,69,2019,Yes,Yes
20170.88,Sedan,135801.4,55,2016,No,Yes
22025.24,SUV,86981.3,20,2012,No,Yes
43773.81,SAV,134888.5,69,2018,Yes,Yes
17313.3,Sedan,69568.8,29,2019,No,Yes
21425.19,Sedan,84929.0,53,2019,No,Yes
19004.41,SAV,60354.0,42,2016,No,Yes
14720.74,Small,96334.8,18,2015,No,No
20501.04,Sedan,78770.8,36,2016,Yes,Yes
20916.06,Small,51533.6,36,2018,No,Yes
27234.25,Sedan,71082.3,37,2018,No,Yes
12443.97,Sedan,112821.0,17,2012,No,No
22862.77,Small,107802.8,24,2015,Yes,Yes
19683.3,Sedan,73538.6,31,2017,No,Yes
32525.75,SAV,66749.1,45,2016,Yes,Yes
17970.28,Sedan,98642.8,30,2015,Yes,Yes
21183.34,Small,87514.8,66,2018,Yes,Yes
25451.53,Sedan,79029.5,42,2014,Yes,Yes
19902.28,SAV,111940.9,38,2017,Yes,No
19668.2,SAV,101537.4,26,2017,No,Yes
21913.39,SAV,89332.6,35,2017,No,Yes
27336.35,Sedan,100457.9,49,2018,No,Yes
24764.39,SAV,105582.8,45,2018,Yes,No
18168.1,Sedan,92130.0,31,2018,No,Yes
21330.82,Sedan,43860.5,27,2016,No,No
27700.98,Sedan,68974.1,32,2018,Yes,Yes
25396.19,Sedan,145171.0,38,2017,Yes,Yes
17533.4,SAV,129991.1,39,2016,No,Yes
27811.99,SAV,108403.3,46,2018,No,No
14473.44,Sedan,41561.2,23,2018,No,Yes
13174.08,SAV,90829.4,22,2018,No,Yes
33572.71,SAV,87499.9,38,2017,No,Yes
20020.64,SAV,65771.3,28,2018,No,Yes
27110.39,Sedan,83079.3,66,2019,Yes,No
15642.9,Small,59690.7,41,2017,No,Yes
26670.55,Sedan,88743.8,49,2019,Yes,Yes
24694.91,SAV,74339.9,53,2018,Yes,No
18947.75,SAV,55019.0,21,2015,Yes,No
19217.94,SAV,77911.0,23,2015,No,Yes
27301.24,SUV,107037.4,63,2017,Yes,No
23819.36,SAV,108661.5,48,2019,No,No
21035.08,SAV,135346.8,54,2017,No,No
31547.81,Sedan,143285.4,47,2017,No,No
29628.91,SAV,110754.8,35,2017,Yes,Yes
27468.26,SAV,124290.9,75,2018,Yes,No
32559.39,SAV,134481.2,64,2015,Yes,Yes
24274.29,Sedan,80212.5,57,2015,Yes,No
29634.26,Sedan,124957.0,65,2014,No,Yes
24653.61,Small,97032.6,38,2016,Yes,Yes
27032.71,SAV,140276.1,21,2014,No,Yes
23738.77,SAV,34211.5,24,2019,Yes,Yes
21446.29,SAV,88934.1,33,2019,No,Yes
22482.33,Sedan,83644.2,30,2013,Yes,Yes
27572.42,Super,93408.3,61,2019,No,Yes
23300.03,SAV,95902.5,34,2017,No,Yes
23579.83,Sedan,114528.0,27,2016,No,No
27077.16,SAV,68244.5,23,2019,Yes,No
22269.7,Sedan,129222.1,49,2017,No,Yes
17736.83,Small,72323.5,49,2018,No,Yes
22730.45,Sedan,129682.8,54,2017,No,Yes
19998.26,Sedan,151601.9,35,2013,No,Yes
20415.25,SAV,141040.5,67,2018,No,No
39138.57,SAV,87683.6,44,2016,Yes,Yes
25613.03,SUV,156300.8,20,2016,No,Yes
26752.23,Sedan,111582.0,58,2016,Yes,Yes
16692.28,Sedan,88332.7,20,2018,No,No
31856.95,Sedan,170011.3,55,2017,No,Yes
17334.23,SAV,87009.2,37,2015,No,Yes
17235.25,Small,127360.9,53,2017,No,No
26438.02,SUV,114066.6,52,2018,No,Yes
22769.54,Sedan,96921.1,32,2018,No,Yes
17124.05,Sedan,101002.6,23,2012,No,Yes
25536.99,Sedan,105551.5,44,2015,No,Yes
26449.66,Sedan,73123.8,59,2016,No,Yes
21526.91,Small,44953.2,26,2019,Yes,Yes
36363.1,SAV,56460.4,43,2016,Yes,Yes
19760.3,SAV,178930.8,38,2012,No,No
20061.29,Small,104187.5,36,2015,No,Yes
27787.2,Sedan,62964.3,33,2015,No,Yes
22100.94,Sedan,102038.8,20,2017,No,Yes
18311.66,Sedan,78738.5,37,2016,No,Yes
17450.53,Small,136451.1,32,2016,No,No
22897.07,SAV,108165.9,22,2016,No,No
26984.3,Sedan,48168.4,36,2018,Yes,Yes
29126.12,Sedan,159712.8,38,2015,No,Yes
31348.45,SAV,92828.1,46,2017,No,No
42161.34,SUV,63626.4,47,2016,Yes,No
18343.03,Sedan,145240.4,31,2013,No,Yes
15878.43,SAV,136252.5,22,2014,Yes,Yes
28328.11,SUV,95446.0,39,2013,No,No
29168.98,SAV,95937.5,30,2014,No,Yes
18768.38,Sedan,62813.7,28,2016,No,No
27591.26,Sedan,161487.2,42,2018,Yes,Yes
28160.63,Small,102935.7,30,2016,No,Yes
26497.98,SAV,75863.1,27,2016,Yes,Yes
23476.25,Sedan,69883.1,39,2015,No,Yes
26622.46,Sedan,124260.3,55,2017,No,Yes
19383.76,SAV,92909.6,67,2017,No,Yes
27412.79,SAV,96357.9,35,2017,Yes,Yes
27670.59,SAV,114256.2,37,2018,No,Yes
31128.5,SAV,69158.2,22,2017,No,Yes
18612.91,SAV,87535.0,28,2013,No,No
31876.11,Sedan,93439.5,50,2018,Yes,Yes
23959.29,SAV,60593.4,54,2019,No,No
21179.92,Sedan,112698.5,21,2017,Yes,No
25299.03,Sedan,77018.7,31,2016,No,No
18573.32,Sedan,117875.3,31,2017,No,Yes
25218.73,Sedan,103180.2,38,2016,Yes,No
23766.67,Sedan,100654.5,50,2017,No,Yes
28663.43,SAV,76914.0,32,2014,Yes,Yes
22333.68,SAV,94346.3,75,2018,No,Yes
12462.97,Sedan,101580.1,18,2015,No,Yes
27413.44,SUV,76126.5,49,2018,No,Yes
23666.4,Sedan,46144.4,28,2018,No,Yes
18794.52,SAV,123220.1,29,2014,No,Yes
27233.82,Sedan,22681.1,57,2019,Yes,Yes
25636.53,Sedan,150952.5,60,2017,No,Yes
22609.37,SAV,101303.2,18,2015,No,Yes
22871.95,SUV,59904.7,49,2018,No,Yes
23223.56,Sedan,142533.3,64,2018,No,Yes
33611.64,SAV,58535.2,34,2017,Yes,Yes
21814.83,Sedan,139355.2,42,2016,Yes,Yes
29151.1,Sedan,107016.4,41,2018,Yes,Yes
25391.43,Sedan,126737.6,72,2018,No,Yes
18752.47,Small,106922.8,23,2015,No,No
19773.46,Sedan,93389.0,20,2013,No,Yes
26639.09,SUV,127290.2,55,2018,No,Yes
19136.86,Small,65220.4,32,2018,No,No
29729.18,SAV,129759.9,31,2015,No,Yes
13075.2,Sedan,91539.4,27,2017,No,No
27501.85,Sedan,126171.4,35,2018,No,Yes
18265.74,SAV,117493.4,34,2016,No,Yes
23454.04,Sedan,73225.8,20,2015,No,Yes
24015.09,Sedan,45574.1,59,2019,Yes,Yes
18756.87,Sedan,114009.8,36,2017,No,No
24151.4,SAV,99311.6,51,2016,No,Yes
27590.9,Sedan,140261.6,62,2017,No,Yes
21478.79,Sedan,65388.0,36,2018,No,Yes
25487.43,SAV,59411.5,25,2014,Yes,Yes
23698.62,Sedan,109769.8,37,2017,No,Yes
21974.54,Sedan,131818.0,34,2016,No,No
27860.62,SUV,107983.1,41,2017,Yes,No
19485.63,Small,109365.5,30,2015,No,Yes
12305.59,SAV,89528.2,21,2016,No,Yes
21707.93,Small,72536.5,37,2016,No,No
22905.35,SAV,78729.3,27,2017,No,Yes
22502.77,Sedan,78986.9,36,2018,No,No
24575.72,SAV,55408.1,23,2018,Yes,Yes
18591.58,Sedan,109864.3,25,2015,No,Yes
26508.63,SAV,96936.0,41,2014,No,No
27091.89,Super,87386.5,23,2018,No,No
18762.33,Small,90399.7,24,2016,Yes,Yes
19434.84,Sedan,76981.5,21,2017,No,Yes
22380.79,SAV,77611.7,51,2017,Yes,No
30428.36,Sedan,56578.5,47,2018,Yes,No
29778.39,Sedan,59928.6,28,2018,Yes,Yes
27202.84,Sedan,85316.6,56,2018,Yes,No
24154.0,Sedan,114018.4,64,2015,Yes,Yes
31645.55,Sedan,129628.6,27,2013,Yes,Yes
25396.18,SUV,114024.9,49,2017,No,Yes
20218.82,Small,81768.4,22,2012,No,Yes
36429.22,Sedan,151242.7,51,2016,Yes,Yes
23066.48,Sedan,143318.0,67,2017,No,Yes
32078.08,SAV,77633.0,45,2019,Yes,No
20848.7,SAV,162190.9,21,2012,No,No
31369.15,SUV,113931.3,59,2014,No,Yes
21533.44,Sedan,44078.3,43,2018,Yes,Yes
26176.76,Sedan,105834.9,51,2016,Yes,Yes
28166.99,SAV,106721.3,35,2016,No,No
17668.15,Small,82474.4,34,2012,No,Yes
21951.87,Sedan,74216.4,47,2016,No,Yes
22048.4,Sedan,83839.2,22,2018,No,No
13732.94,Sedan,80063.8,25,2018,No,Yes
26300.53,SAV,139566.1,20,2012,No,No
33425.58,SAV,122985.0,46,2016,No,No
24419.84,Sedan,134290.3,59,2013,Yes,No
30363.61,Sedan,83365.1,39,2017,No,Yes
20849.09,Sedan,93634.4,53,2016,No,No
27681.89,Small,62659.8,43,2018,Yes,No
28449.23,Sedan,127087.5,29,2017,No,No
19202.37,SUV,95941.6,18,2013,No,No
18852.82,SAV,159727.5,26,2013,No,No
19565.4,Sedan,126245.6,25,2015,No,No
16325.23,Small,101527.5,23,2015,No,Yes
23681.51,Sedan,118834.2,58,2018,Yes,Yes
20216.21,SAV,94256.2,66,2017,No,Yes
25422.88,Sedan,91829.0,36,2018,Yes,Yes
17427.13,Sedan,49706.5,24,2016,Yes,Yes
19924.51,Sedan,92643.1,42,2019,Yes,Yes
40763.77,SUV,60104.0,39,2019,Yes,Yes
15285.75,Sedan,167287.1,56,2015,No,No
20738.44,SAV,62052.3,34,2018,Yes,No
20280.46,Sedan,90060.8,35,2016,Yes,Yes
19919.93,SAV,70949.9,34,2017,No,Yes
19908.87,Sedan,132809.6,36,2013,No,Yes
14105.14,SAV,66939.3,22,2018,No,Yes
21621.72,SAV,84934.4,29,2015,No,Yes
10228.78,Small,113704.2,21,2012,No,Yes
27977.72,SAV,70129.0,22,2014,Yes,No
23857.65,Sedan,156916.9,35,2014,No,Yes
24282.01,SAV,99604.7,74,2018,No,Yes
24059.23,Sedan,122577.8,40,2015,No,Yes
23441.53,SUV,88466.5,28,2015,No,No
20752.68,SAV,118532.7,51,2018,No,No
24001.46,Sedan,71809.3,36,2019,No,No
23262.46,Sedan,82274.6,35,2016,Yes,No
22462.38,SAV,66187.0,32,2017,No,No
16301.63,Small,157690.5,26,2014,No,No
24900.59,SAV,118320.8,81,2016,Yes,Yes
23343.68,Sedan,103028.2,22,2018,No,No
22013.16,Sedan,84366.1,37,2017,No,Yes
26725.69,SAV,96212.6,50,2016,No,No
16735.82,Sedan,171391.3,29,2012,No,Yes
16143.81,Sedan,48732.2,19,2016,Yes,Yes
21788.16,Sedan,130649.6,42,2017,No,Yes
32018.37,SUV,87795.1,52,2018,No,Yes
27583.29,SAV,94087.5,22,2014,No,Yes
25532.18,SAV,155466.5,61,2018,No,No
16542.11,Small,45951.9,27,2015,No,No
16162.96,SAV,77958.9,24,2017,No,Yes
35494.63,SAV,151761.7,30,2015,Yes,No
29886.9,SUV,133333.7,18,2012,Yes,Yes
26482.46,Sedan,88380.2,40,2018,Yes,Yes
28068.86,Sedan,104144.4,62,2016,Yes,Yes
30625.89,SAV,88668.1,55,2017,No,Yes
23619.32,SAV,60813.9,25,2014,No,Yes
32991.83,SAV,135029.8,51,2018,No,Yes
21909.26,Sedan,118943.1,30,2018,No,Yes
25659.57,SAV,187683.2,42,2016,No,No
24063.26,SUV,130224.6,28,2015,No,No
23417.0,SUV,76902.3,29,2017,No,Yes
26114.08,Sedan,88038.7,45,2015,No,Yes
25662.58,Sedan,122109.0,46,2018,No,Yes
30303.13,SUV,71164.7,41,2016,Yes,Yes
28272.11,SUV,98451.3,66,2014,Yes,Yes
26963.56,Sedan,164869.2,44,2018,No,Yes
22013.18,Small,102230.6,37,2014,No,Yes
26024.09,SAV,126294.4,49,2017,No,No
37864.38,SUV,103203.2,41,2015,Yes,No
24595.96,SAV,72180.3,47,2012,No,Yes
18528.18,Sedan,132853.0,55,2015,Yes,Yes
22896.32,Small,84966.0,71,2017,Yes,Yes
16131.74,SAV,137106.0,35,2015,No,Yes
25509.45,Sedan,49783.7,56,2019,No,Yes
21231.54,SAV,101326.0,28,2016,No,Yes
23127.53,Sedan,130471.5,23,2015,No,Yes
26258.62,SAV,130475.1,61,2014,No,No
18983.01,Sedan,78684.7,35,2017,No,Yes
24793.16,Sedan,86639.9,42,2019,No,Yes
22152.74,Sedan,70852.0,53,2018,Yes,Yes
25544.1,Small,86623.2,34,2019,Yes,Yes
18562.93,SAV,124938.7,19,2014,Yes,No
33651.85,Sedan,86217.5,23,2017,No,Yes
16227.29,Small,121845.2,22,2012,No,Yes
23978.59,Sedan,48856.8,24,2019,No,Yes
24631.81,SAV,102796.3,35,2016,No,No
24354.71,Small,138186.4,42,2017,No,Yes
13790.35,SAV,75841.5,28,2017,No,No
27390.04,SAV,84798.5,39,2018,Yes,Yes
23975.61,SUV,91633.9,27,2013,Yes,Yes
22909.98,Small,74196.2,27,2017,No,Yes
23699.99,SAV,136661.4,37,2015,Yes,Yes
17922.77,Sedan,112352.1,43,2015,Yes,Yes
21212.09,Sedan,158295.5,42,2016,No,Yes
30604.06,Sedan,87732.7,40,2016,Yes,Yes
19145.94,SAV,80253.0,39,2017,No,Yes
26436.18,Sedan,146722.5,44,2018,No,Yes
22672.82,SUV,67698.4,28,2018,Yes,No
22917.84,Sedan,121337.6,25,2014,No,Yes
33687.8,Sedan,189779.0,55,2014,No,No
17606.07,Small,102262.7,47,2017,No,No
30232.94,SAV,104157.5,55,2017,No,Yes
23914.41,SAV,125061.7,71,2018,No,No
31943.09,Sedan,134212.5,33,2012,Yes,Yes
20118.86,Sedan,76958.4,33,2019,No,Yes
31197.55,Sedan,126919.7,63,2018,Yes,Yes
26344.85,Sedan,125222.6,35,2015,Yes,Yes
25949.01,Sedan,120643.0,24,2013,No,Yes
18742.78,Sedan,128876.0,26,2014,No,Yes
16729.29,Sedan,91515.7,22,2015,No,No
20284.47,Sedan,89743.6,37,2016,No,No
25098.03,Sedan,150716.2,31,2017,Yes,No
37984.19,SAV,146675.3,54,2014,Yes,Yes
28912.9,SAV,93493.7,29,2018,No,Yes
21809.35,Sedan,143962.9,17,2018,No,Yes
35779.78,Sedan,167448.1,64,2018,No,Yes
20166.28,Sedan,59435.8,20,2017,Yes,Yes
19967.27,Sedan,50182.9,43,2017,No,Yes
37563.5,SAV,99973.6,47,2016,No,Yes
18230.25,SAV,83994.9,17,2017,Yes,Yes
19585.84,Sedan,74704.0,62,2019,No,Yes
20371.48,SAV,65103.0,25,2016,No,No
26952.74,Sedan,69307.8,38,2017,No,Yes
24020.71,SAV,48827.4,20,2017,Yes,Yes
30202.29,SAV,85306.4,40,2016,Yes,Yes
22932.96,SAV,107897.1,28,2016,Yes,Yes
29353.39,SAV,83961.3,39,2016,Yes,Yes
20251.88,Sedan,67391.0,24,2016,Yes,Yes
25259.14,Small,109073.9,29,2017,Yes,Yes
21684.47,Small,137830.1,45,2014,No,Yes
26775.42,Sedan,132194.3,41,2015,Yes,No
20813.58,Small,74267.4,42,2017,No,Yes
37917.64,Super,134493.2,31,2015,No,Yes
22378.99,Super,92357.6,45,2014,No,Yes
21237.81,Small,131079.3,57,2017,No,Yes
32149.24,SAV,150695.4,25,2017,Yes,Yes
26474.04,SAV,110110.6,47,2017,No,Yes
21058.37,Sedan,79503.6,25,2018,No,Yes
25957.83,Sedan,105712.5,30,2015,No,Yes
25576.09,SAV,117193.6,39,2015,No,Yes
31243.96,Sedan,92780.6,49,2016,Yes,Yes
24027.23,SAV,74186.6,20,2017,Yes,No
27483.44,Small,113314.1,72,2018,Yes,Yes
18176.77,Sedan,73625.0,18,2016,No,Yes
26461.5,Sedan,57770.3,38,2017,No,No
33760.12,SAV,100381.2,63,2017,No,Yes
24399.86,Sedan,114197.8,37,2018,No,No
27184.29,SAV,64989.5,17,2016,Yes,Yes
22437.14,Sedan,104788.2,56,2018,No,Yes
29649.27,Sedan,87669.8,42,2017,No,Yes
32777.59,Sedan,74305.5,18,2013,Yes,Yes
17561.71,Sedan,96925.5,24,2016,No,Yes
25550.56,Sedan,140588.9,50,2015,No,Yes
27349.39,SUV,106615.1,44,2018,No,No
25817.63,SAV,121059.9,73,2018,Yes,Yes
26889.84,Sedan,123956.3,37,2017,Yes,Yes
22735.19,Sedan,100133.8,30,2018,No,Yes
20865.79,SAV,73996.8,59,2018,Yes,No
24569.78,SAV,55341.0,20,2015,Yes,No
28789.38,SUV,102052.4,80,2018,No,Yes
22717.79,SAV,78710.4,51,2016,No,Yes
26550.95,SAV,59665.9,33,2017,No,Yes
21571.63,Sedan,92021.8,32,2016,No,Yes
24067.32,Sedan,91078.4,44,2016,Yes,Yes
24240.25,Sedan,86799.8,57,2018,No,Yes
20736.56,SAV,87806.8,24,2016,No,Yes
28610.5,Sedan,100663.6,32,2017,Yes,Yes
21621.47,Small,114178.9,60,2018,Yes,Yes
22700.18,Sedan,108077.2,64,2016,No,Yes
22217.21,Sedan,74118.6,24,2017,No,No
27012.28,SUV,99281.8,22,2013,Yes,Yes
19953.28,Sedan,83262.0,62,2014,No,Yes
21263.96,SAV,53638.7,22,2013,No,Yes
27939.3,Sedan,90657.3,44,2018,No,Yes
21214.15,Small,80026.2,26,2016,No,Yes
19614.95,SAV,121363.5,27,2016,No,Yes
23360.88,Sedan,110809.9,32,2017,No,Yes
19329.86,SAV,106273.0,67,2015,No,Yes
28424.21,Sedan,160818.5,37,2016,Yes,No
20577.39,Sedan,178067.5,68,2014,No,No
23934.2,Sedan,131978.3,47,2017,No,Yes
16924.4,Sedan,54321.3,48,2016,No,Yes
29990.92,SAV,113449.7,32,2017,No,Yes
36605.6,SUV,103474.6,45,2017,Yes,No
15894.03,Sedan,78785.3,17,2016,No,Yes
12804.56,Sedan,139227.4,42,2016,No,No
20572.97,SAV,104753.1,37,2017,No,Yes
36370.06,SAV,110200.7,41,2018,No,Yes
24831.55,Sedan,190687.5,38,2015,No,No
17806.47,SAV,85403.2,35,2014,No,Yes
23879.17,Sedan,45208.6,34,2017,Yes,No
23295.97,Small,52242.9,43,2018,Yes,Yes
15598.9,Sedan,96414.8,19,2015,No,Yes
22549.5,SUV,142728.5,22,2013,No,No
23212.44,Sedan,119928.9,30,2017,No,Yes
23931.11,Sedan,86907.4,47,2019,No,No
22944.53,Sedan,94342.1,59,2015,Yes,Yes
20621.79,Sedan,120016.7,33,2014,No,Yes
21118.27,Sedan,93131.3,35,2015,No,No
21834.78,Sedan,112898.4,20,2012,Yes,Yes
38661.28,SAV,84210.1,51,2019,No,Yes
23704.37,SAV,72773.7,35,2018,No,Yes
26369.64,SAV,126576.6,25,2014,Yes,Yes
17475.79,Sedan,92212.6,77,2018,No,Yes
23065.66,SUV,87548.7,69,2014,No,No
20077.59,Sedan,69087.9,32,2018,Yes,No
37479.12,SAV,79706.5,41,2015,Yes,Yes
24608.7,Sedan,125096.2,48,2016,Yes,No
37161.25,SAV,165775.9,59,2016,Yes,Yes
22660.98,Sedan,69024.3,35,2016,No,Yes
31224.32,SAV,55452.6,26,2018,Yes,Yes
22933.37,Sedan,104494.3,42,2017,No,Yes
32000.7,SAV,57461.5,28,2018,Yes,No
30500.29,SAV,130363.2,52,2017,Yes,No
19210.6,SAV,135680.8,22,2017,No,No
12054.53,Sedan,78708.6,43,2018,No,Yes
21770.44,Sedan,137609.4,52,2016,No,No
30787.15,SAV,100512.4,23,2017,Yes,Yes
39115.98,Sedan,154658.3,42,2015,Yes,Yes
18925.54,Small,135400.9,40,2012,No,No
32976.99,SUV,95458.0,34,2017,No,Yes
24106.69,Sedan,106497.1,33,2016,Yes,Yes
24737.9,SAV,86964.5,32,2016,No,Yes
25130.96,Sedan,201332.2,25,2017,No,Yes
20218.36,Sedan,121275.9,39,2016,No,Yes
29650.01,Sedan,69538.8,24,2019,Yes,Yes
28971.25,Small,98289.0,45,2017,Yes,No
22018.89,Sedan,45692.1,43,2018,No,Yes
27554.95,Super,90437.0,31,2016,No,Yes
27594.75,Sedan,187718.0,75,2019,Yes,Yes
15689.59,Sedan,103565.6,27,2015,No,Yes
17579.82,SAV,163501.0,23,2012,No,Yes
20080.1,SAV,79016.5,21,2016,No,Yes
16500.32,SAV,46752.7,30,2019,No,No
32425.59,SUV,93124.1,33,2014,Yes,No
17796.48,Sedan,61262.8,28,2018,No,Yes
23213.34,Sedan,171286.6,67,2015,No,Yes
22498.08,Small,111007.7,51,2016,No,Yes
25022.53,Sedan,74748.9,47,2019,No,Yes
20342.02,Sedan,111463.6,35,2016,No,Yes
27473.21,SAV,144472.6,48,2015,Yes,No
24454.6,Sedan,39141.6,51,2018,No,Yes
19395.3,Sedan,107313.5,65,2017,No,No
22758.53,SAV,81260.3,32,2018,No,Yes
12565.12,Sedan,37837.1,28,2018,No,Yes
24157.95,SAV,119811.4,36,2017,Yes,No
19701.98,SAV,119653.5,26,2014,No,No
34360.34,SUV,69151.3,38,2018,No,No
19634.92,SAV,61141.0,46,2018,No,Yes
16531.52,Sedan,63263.6,21,2018,No,No
18299.74,Sedan,65293.6,38,2018,No,No
20310.12,SAV,154177.7,34,2013,No,Yes
27509.89,Sedan,79522.7,47,2018,Yes,Yes
19273.93,Small,73421.0,45,2016,No,Yes
20030.36,SAV,87161.2,26,2018,No,No
18231.47,Sedan,69672.7,34,2015,Yes,No
26500.11,Sedan,123250.2,52,2018,Yes,Yes
26833.13,Sedan,64909.7,47,2015,No,Yes
23093.23,Sedan,164088.1,72,2017,No,Yes
33314.6,SAV,104263.8,43,2017,Yes,Yes
37695.84,SUV,93509.8,35,2016,Yes,Yes
26382.55,SAV,137068.2,40,2017,No,Yes
22786.82,SAV,31861.0,27,2018,No,Yes
23132.78,Sedan,51541.6,26,2016,Yes,Yes
20499.53,Sedan,49964.6,19,2014,Yes,Yes
30176.65,Sedan,96524.7,43,2016,Yes,Yes
20271.32,Sedan,44409.0,32,2015,No,Yes
22791.2,Sedan,111760.8,52,2014,No,No
22872.51,Sedan,98995.5,68,2014,Yes,Yes
26806.64,Sedan,96935.2,46,2017,Yes,Yes
30177.49,Sedan,101190.8,28,2017,No,No
30383.43,SUV,105102.4,36,2014,No,Yes
21723.87,Sedan,85444.8,18,2017,No,Yes
20046.17,Sedan,91544.8,22,2016,No,No
26093.51,SUV,63137.3,20,2016,No,Yes
30335.79,Sedan,124394.5,57,2018,No,Yes
24626.47,SUV,78179.3,43,2016,No,Yes
26386.86,SAV,124675.1,22,2016,Yes,Yes
30424.8,SAV,65190.1,39,2018,No,Yes
23948.63,Small,109327.0,32,2017,No,No
33576.36,Sedan,188608.2,50,2017,Yes,Yes
19055.61,Small,82250.6,25,2018,No,No
30274.74,SUV,102419.9,34,2018,Yes,No
24339.76,Sedan,86672.3,63,2015,No,Yes
27512.43,SAV,118460.0,34,2017,Yes,No
14215.44,Sedan,72866.6,34,2018,No,No
31763.55,SAV,143732.2,37,2014,No,Yes
24493.68,Sedan,85800.0,43,2016,No,No
26791.8,SAV,118348.2,29,2017,No,Yes
29224.92,Sedan,132561.3,34,2016,No,Yes
23699.87,Small,89593.7,58,2019,No,No
23223.2,SAV,60065.4,74,2019,No,Yes
23574.64,Sedan,61288.4,73,2019,Yes,Yes
29298.88,SAV,91984.8,26,2016,Yes,No
16125.83,Sedan,54278.3,36,2018,No,No
23216.79,Sedan,83982.1,68,2015,No,Yes
25049.5,SAV,104741.7,68,2016,Yes,No
26872.84,Small,70451.7,48,2016,Yes,Yes
25318.07,SAV,122850.0,55,2016,No,Yes
28807.62,SAV,105475.3,61,2015,Yes,Yes
40960.64,SUV,87748.8,37,2016,Yes,Yes
21114.22,Sedan,52301.3,51,2018,No,Yes
16930.29,Sedan,45014.5,51,2018,Yes,No
40116.06,SUV,112145.0,56,2018,Yes,Yes
26088.58,Sedan,136364.6,46,2017,No,Yes
23147.84,SAV,107803.0,25,2015,Yes,Yes
18767.16,Sedan,102947.0,31,2018,No,Yes
24810.0,Small,94757.4,45,2015,Yes,Yes
24212.7,Sedan,104505.5,46,2016,Yes,Yes
20424.31,SAV,80311.4,47,2016,No,No
25954.4,SAV,113759.4,30,2015,No,No
24505.98,SAV,136400.0,50,2014,No,Yes
20637.31,Sedan,77894.2,22,2019,No,Yes
14480.15,Sedan,103684.7,33,2017,No,Yes
18552.03,Small,107344.1,22,2011,No,Yes
22799.62,Sedan,75602.5,23,2015,Yes,Yes
24393.68,SAV,109678.4,19,2012,No,Yes
32950.58,SAV,120005.8,48,2015,No,Yes
21110.7,SAV,113789.3,31,2015,No,Yes
24247.78,SAV,154057.0,21,2015,Yes,Yes
22843.12,Sedan,94450.9,21,2018,No,Yes
28402.7,Sedan,54907.0,45,2019,Yes,No
15666.86,Small,90647.8,21,2017,Yes,Yes
24215.04,Sedan,56823.8,37,2017,No,Yes
32480.62,SUV,111603.0,46,2015,No,Yes
24477.23,Sedan,136053.9,31,2014,Yes,Yes
18478.31,SAV,87720.6,21,2017,No,No
43005.99,SUV,65594.1,30,2015,Yes,No
23287.78,Small,62301.1,52,2018,No,Yes
27944.59,Sedan,95752.4,50,2016,Yes,Yes
25803.78,Sedan,136052.0,47,2015,Yes,Yes
22503.75,Sedan,67766.2,29,2018,Yes,Yes
17775.99,Sedan,45478.8,23,2018,No,Yes
18548.06,SAV,84785.2,27,2016,No,No
30943.43,SAV,98227.8,53,2016,No,Yes
19616.02,Small,78122.7,47,2017,No,No
15589.45,Small,131706.1,29,2013,No,Yes
17399.73,Small,100066.1,30,2018,No,Yes
27320.4,SAV,121889.9,57,2015,No,Yes
27073.62,SAV,149283.1,36,2015,No,Yes
15215.07,SAV,170566.0,39,2015,No,Yes
28357.04,Sedan,69398.8,26,2018,No,Yes
22760.61,Sedan,98667.6,39,2018,No,No
17059.22,Small,102859.4,18,2016,No,Yes
27785.36,Sedan,125372.8,34,2016,No,No
30222.68,SUV,141112.6,38,2017,Yes,No
21213.64,SAV,128937.8,56,2018,No,Yes
16281.15,Sedan,108700.7,27,2016,No,Yes
29199.95,Sedan,109515.2,49,2017,No,Yes
26250.17,SUV,66780.5,24,2018,No,No
18231.81,Small,79587.6,27,2017,No,Yes
23821.77,Small,68164.8,36,2016,Yes,Yes
20520.21,SAV,143137.1,19,2015,Yes,Yes
27849.61,Sedan,92243.6,48,2017,Yes,Yes
20102.05,Sedan,78799.7,66,2018,Yes,Yes
30098.66,Sedan,113743.0,29,2016,Yes,Yes
24572.81,Sedan,96698.6,34,2016,Yes,Yes
15094.63,Small,125084.4,53,2017,No,No
24240.72,SAV,117202.7,19,2015,No,No
20707.54,SAV,105735.5,32,2014,No,Yes
22876.06,Sedan,108323.3,42,2014,No,No
16072.94,SAV,68951.4,19,2015,No,Yes
27525.57,Small,130622.8,60,2018,Yes,Yes
22115.46,SAV,81253.4,31,2018,No,Yes
23104.42,SAV,45711.5,36,2018,No,Yes
29289.41,Sedan,127803.4,40,2017,No,Yes
24764.9,Sedan,87790.5,22,2016,Yes,Yes
19260.07,Sedan,59173.6,26,2016,No,No
22030.04,SAV,67460.7,59,2018,No,Yes
23951.21,Small,173998.2,55,2015,No,No
16700.6,Sedan,93218.4,27,2018,No,No
27073.58,SAV,103478.1,57,2016,No,No
21425.44,SAV,65982.4,34,2017,No,No
25016.88,Sedan,124453.1,74,2017,Yes,Yes
27103.42,SAV,86646.1,29,2018,Yes,Yes
26022.83,Sedan,44121.9,29,2019,Yes,Yes
17231.7,Sedan,82312.7,32,2017,No,Yes
16409.96,Sedan,92475.8,20,2015,No,No
21463.93,Sedan,86964.8,37,2017,No,No
32156.2,SAV,78548.6,26,2017,No,Yes
23747.17,SAV,52857.3,28,2016,No,Yes
31128.16,Sedan,135107.1,37,2016,No,No
17635.11,SAV,93917.3,28,2016,No,Yes
22233.95,Sedan,101509.5,56,2016,Yes,Yes
23607.87,SAV,134546.2,36,2017,No,No
37494.17,SAV,89246.8,67,2018,No,Yes
27009.12,SAV,175910.3,32,2015,No,Yes
17378.66,Small,57096.3,32,2019,No,No
34565.63,Sedan,66708.8,50,2018,Yes,Yes
28162.49,Sedan,98478.1,35,2018,Yes,Yes
26498.2,Small,137169.2,64,2015,Yes,No
19217.89,SAV,99806.6,20,2014,No,No
27963.46,SAV,96984.6,23,2014,No,Yes
24995.57,SAV,86115.9,60,2014,No,No
20835.41,Sedan,61582.1,22,2017,No,No
16945.01,Sedan,101770.0,53,2017,No,No
21355.21,Sedan,117056.6,49,2014,Yes,Yes
24567.12,Sedan,92385.6,28,2016,No,No
27879.51,Sedan,100852.0,28,2017,Yes,No
16419.17,Small,66261.3,18,2015,Yes,Yes
20602.9,SAV,71357.8,61,2018,No,Yes
20427.76,SAV,79049.7,24,2016,No,No
21560.13,Sedan,73730.1,36,2016,Yes,Yes
19638.9,Sedan,58950.1,36,2017,No,No
24265.14,Sedan,81920.1,30,2019,Yes,No
37573.01,SUV,143176.8,31,2014,Yes,Yes
30358.94,Sedan,72020.6,63,2016,Yes,Yes
22520.82,Small,85211.5,44,2017,Yes,No
15602.64,Sedan,27050.5,27,2018,No,Yes
30246.97,SAV,181667.4,63,2017,Yes,Yes
24431.6,SAV,60712.3,29,2018,No,Yes
25326.8,Sedan,100945.5,39,2019,No,Yes
28525.7,SAV,136448.6,40,2012,No,Yes
33980.68,SAV,121884.7,41,2018,Yes,No
22980.87,Sedan,78803.0,56,2016,No,Yes
20834.4,Sedan,141325.4,28,2016,No,Yes
28296.18,SAV,79215.5,49,2017,No,Yes
23358.75,SUV,98254.4,42,2017,No,No
25955.44,Sedan,145993.1,38,2016,No,Yes
31807.55,SAV,93395.2,73,2019,Yes,Yes
29409.05,SAV,65255.0,59,2018,Yes,No
14471.86,Sedan,59545.8,20,2016,No,Yes
18000.21,Sedan,72353.8,22,2016,No,Yes
28072.88,Sedan,147183.3,57,2019,No,Yes
30824.96,Sedan,92066.3,32,2019,No,No
20788.84,Small,93478.3,44,2017,Yes,No
31835.97,SUV,100722.7,75,2015,Yes,No
40019.6,SAV,186607.7,46,2016,No,Yes
23744.8,Small,89723.3,26,2017,No,No
19358.59,Sedan,78433.2,31,2017,No,Yes
31207.67,Sedan,95686.7,39,2017,No,Yes
19681.62,SAV,103485.0,33,2013,Yes,Yes
20809.69,Sedan,99255.3,67,2016,No,No
24484.25,SAV,167029.8,44,2015,Yes,Yes
25637.22,Sedan,110711.6,43,2017,No,No
21980.94,Sedan,75684.3,34,2016,Yes,No
22097.34,SUV,92602.2,19,2016,No,No
24459.19,Small,83215.7,50,2019,No,No
22505.55,Small,88821.5,21,2017,Yes,No
19747.01,Sedan,83625.6,36,2018,Yes,Yes
23432.67,Sedan,58908.9,30,2018,Yes,Yes
22342.57,Small,101909.7,21,2016,No,Yes
12791.77,Sedan,69505.6,23,2017,No,No
23903.95,Sedan,145305.5,42,2018,No,Yes
24092.44,Sedan,72631.6,46,2018,Yes,Yes
25374.01,SAV,60590.7,34,2019,No,Yes
35779.22,Super,112157.9,36,2016,No,Yes
17518.65,SAV,84869.2,45,2016,Yes,No
19389.2,Sedan,49742.8,24,2018,No,Yes
25779.45,SUV,71719.3,35,2017,No,No
13271.47,Sedan,94201.8,43,2018,No,Yes
26445.79,SAV,49589.5,38,2019,Yes,Yes
23395.93,Sedan,117819.3,40,2016,No,Yes
21914.03,SAV,142891.4,50,2017,No,Yes
31406.78,Sedan,128691.2,53,2017,No,No
25656.25,Sedan,131302.9,43,2019,No,Yes
26431.96,Sedan,50873.7,47,2019,Yes,Yes
22014.89,SUV,124845.7,24,2013,No,No
26383.14,Sedan,114684.6,54,2017,No,No
30314.66,SUV,87916.0,55,2017,No,Yes
22949.49,Sedan,156316.9,41,2014,No,No
25760.43,Sedan,131374.0,51,2015,Yes,Yes
31020.27,SAV,76717.2,51,2017,No,Yes
20849.66,Sedan,126704.9,57,2015,Yes,Yes
36013.33,SAV,160443.8,38,2019,No,Yes
18316.81,Small,74671.0,33,2016,No,Yes
33180.83,Sedan,116706.4,56,2017,No,Yes
15259.92,Sedan,133390.4,20,2016,No,Yes
17500.04,Small,122401.1,28,2017,No,Yes
27521.88,SAV,90610.2,50,2017,No,Yes
18661.32,SAV,98413.1,37,2016,Yes,No
29048.03,SAV,89586.2,35,2017,No,Yes
32013.42,Sedan,117351.3,41,2016,Yes,No
14334.18,Sedan,36284.1,18,2016,No,Yes
16236.99,Sedan,89405.7,22,2014,No,No
26007.62,Sedan,81788.9,50,2018,No,Yes
26022.84,SAV,71659.2,29,2015,Yes,Yes
29705.38,SAV,122525.3,65,2018,No,Yes
14635.06,Small,143281.3,28,2015,No,No
18282.99,Sedan,93424.5,23,2018,Yes,Yes
15622.62,Sedan,58176.1,40,2017,Yes,Yes
28960.11,SAV,69119.2,49,2018,No,Yes
17975.82,SAV,134411.3,25,2017,No,No
18312.75,Sedan,68167.3,23,2017,No,Yes
28670.84,SAV,95164.1,46,2013,No,Yes
30464.66,Sedan,72798.6,24,2018,Yes,Yes
33529.93,SUV,125530.7,34,2017,No,No
30625.68,Sedan,121981.6,53,2015,No,Yes
25867.92,SAV,114377.3,50,2015,No,No
35486.03,Super,109859.2,43,2018,Yes,Yes
29361.98,Sedan,93753.5,53,2014,Yes,Yes
20348.04,Sedan,59216.2,34,2014,No,No
41048.18,Super,109467.0,55,2019,Yes,Yes
35415.1,SUV,111688.4,30,2018,No,Yes
27159.11,SAV,96888.7,22,2016,Yes,Yes
20148.55,SAV,88205.0,39,2015,No,Yes
32979.91,Super,112422.1,37,2017,No,Yes
29932.97,SAV,76948.4,46,2017,Yes,Yes
24273.36,SAV,118197.5,41,2015,No,Yes
21939.28,Sedan,92419.2,26,2016,No,No
24771.81,SAV,124384.1,53,2016,No,Yes
28274.41,Sedan,79877.0,25,2017,Yes,Yes
26191.86,SAV,74841.7,30,2017,No,Yes
13615.68,SAV,49393.7,22,2018,No,Yes
30527.09,SAV,152839.4,33,2016,No,Yes
26465.79,SUV,77621.4,17,2016,Yes,Yes
19522.05,Sedan,149348.5,25,2015,No,Yes
25543.69,SAV,131215.6,43,2017,No,Yes
23597.15,Sedan,114045.4,31,2017,Yes,Yes
20462.62,Small,116192.4,25,2017,Yes,Yes
26544.89,SAV,46187.7,29,2016,No,Yes
13457.73,Sedan,67725.4,23,2013,No,Yes
25169.66,Sedan,60253.0,17,2016,Yes,Yes
28765.98,Sedan,199054.0,53,2012,No,No
27159.88,Sedan,106628.2,43,2016,No,Yes
27243.87,Sedan,84708.8,21,2015,Yes,Yes
21166.17,Sedan,95692.9,22,2017,No,No
16565.93,Sedan,74266.7,54,2015,No,Yes
37907.29,Sedan,131306.7,47,2018,No,No
19443.33,Sedan,95967.5,44,2016,No,Yes
21336.84,SUV,81704.3,19,2016,No,Yes
20734.77,Sedan,82492.6,20,2017,No,Yes
29762.75,Sedan,87249.8,53,2017,No,No
17764.04,Sedan,93285.7,35,2014,No,Yes
19865.85,SAV,47431.9,31,2019,No,Yes
26390.79,SAV,96973.0,37,2016,Yes,Yes
30045.66,Sedan,87393.6,39,2018,Yes,Yes
21896.79,SAV,63927.6,36,2016,No,Yes
22225.22,SAV,52814.5,35,2019,No,Yes
27758.76,Sedan,73937.9,27,2016,Yes,Yes
18856.45,Small,113980.2,81,2019,No,Yes
23967.48,Small,78459.1,32,2017,No,No
34069.83,SUV,100817.7,23,2015,Yes,No
22489.98,SAV,68804.1,34,2017,Yes,Yes
18051.73,SAV,143054.8,22,2018,No,Yes
30660.32,Sedan,147075.3,49,2016,No,Yes
20911.88,Sedan,95033.6,22,2015,No,Yes
24001.69,Sedan,117710.8,33,2016,No,Yes
30026.18,Sedan,89656.5,31,2015,Yes,Yes
28849.09,SUV,70866.2,28,2016,Yes,No
25121.0,Sedan,90099.9,28,2014,Yes,Yes
20981.02,Small,105451.2,33,2017,Yes,No
28848.11,SAV,96218.6,70,2017,No,No
23137.91,SAV,121885.2,24,2013,Yes,Yes
16783.8,Sedan,75483.2,69,2017,No,No
35485.33,Small,93746.8,24,2018,Yes,Yes
24711.7,SAV,81898.3,46,2014,No,Yes
17020.33,Small,114432.5,39,2016,No,No
19685.98,SAV,65612.6,35,2019,No,Yes
26771.67,SUV,93923.0,45,2018,No,Yes
28967.24,SAV,141486.4,41,2015,Yes,Yes
34524.8,SAV,100297.4,27,2017,No,Yes
18486.82,Sedan,50088.1,29,2015,No,Yes
19551.56,Sedan,190744.7,30,2018,No,No
23443.37,Sedan,80287.6,34,2014,Yes,Yes
30894.64,SAV,86771.2,44,2018,No,No
28892.13,SAV,103268.0,36,2019,No,No
28682.26,SUV,125546.9,38,2016,No,Yes
23249.48,Sedan,104258.9,69,2017,No,Yes
26218.89,Sedan,72994.3,35,2019,No,Yes
21558.52,SUV,102163.2,59,2017,Yes,Yes
23954.68,SAV,121538.4,56,2017,No,Yes
23352.66,SAV,57960.9,21,2018,No,Yes
27074.81,Sedan,134346.1,33,2012,Yes,Yes
28818.58,SUV,55700.7,39,2017,No,Yes
12770.84,Small,104412.5,26,2013,No,Yes
18262.34,Sedan,111614.1,35,2017,Yes,Yes
31613.85,SUV,51982.7,43,2018,No,Yes
22667.45,SAV,107684.9,54,2016,No,Yes
20517.79,Small,132803.7,26,2017,No,Yes
22368.5,Sedan,125602.6,41,2011,No,Yes
26855.42,Sedan,89486.8,64,2017,No,Yes
25148.36,Sedan,118601.8,30,2016,No,No
25540.8,Sedan,90254.9,42,2017,No,Yes
23988.46,Sedan,150089.1,34,2019,Yes,Yes
23231.3,Sedan,116850.1,47,2018,No,Yes
18606.55,Sedan,73950.0,28,2014,No,Yes
21433.38,Sedan,82183.2,32,2018,No,Yes
21331.0,Sedan,125664.9,34,2012,No,Yes
25131.28,SAV,139123.7,26,2015,No,Yes
21255.91,Sedan,137018.9,40,2019,No,Yes
24977.4,SAV,61724.8,34,2017,Yes,No
26871.12,Small,84317.7,33,2016,Yes,Yes
28081.25,SUV,94484.2,31,2017,Yes,Yes
24426.02,Sedan,59714.9,67,2018,No,Yes
25741.96,Sedan,95070.2,38,2016,No,Yes
37199.01,Sedan,53330.9,46,2018,Yes,No
26873.47,Sedan,97628.8,47,2017,Yes,Yes
37641.81,Sedan,142342.4,63,2018,Yes,Yes
22602.68,SAV,58292.9,46,2019,No,Yes
21846.28,Sedan,88616.3,18,2016,No,No
28921.09,SAV,106209.3,24,2016,No,Yes
26769.16,Sedan,73584.0,54,2014,Yes,Yes
19397.9,Small,91360.2,26,2015,No,Yes
19605.29,Sedan,60436.0,18,2016,No,Yes
17301.07,Small,68010.8,28,2018,No,Yes
26394.27,SAV,92788.7,25,2016,No,Yes
22591.97,SAV,164297.5,25,2018,Yes,Yes
31206.28,SAV,65147.3,42,2019,Yes,Yes
22363.58,SAV,99232.8,48,2017,Yes,Yes
18389.73,Small,104697.1,21,2017,No,Yes
24738.62,Sedan,190790.1,54,2017,No,Yes
28429.08,Sedan,102094.3,38,2015,No,Yes
35007.55,SAV,117535.3,63,2016,No,Yes
23416.42,Sedan,94731.7,72,2015,No,No
26478.46,SUV,78712.8,31,2016,Yes,No
32807.5,SUV,169230.2,54,2018,Yes,No
20725.09,Small,130654.9,55,2015,Yes,Yes
24246.33,Sedan,125100.3,47,2013,No,Yes
30126.03,SAV,51604.9,48,2019,No,No
18651.44,SAV,142796.2,30,2013,Yes,Yes
39228.45,SUV,110030.4,34,2014,No,Yes
21264.69,Small,81494.1,73,2017,No,Yes
20459.9,Sedan,154895.9,54,2018,No,No
28427.8,SAV,79803.6,46,2017,No,Yes
23601.19,Sedan,160506.5,65,2018,Yes,Yes
31560.14,Sedan,72168.5,39,2016,Yes,Yes
15047.68,Sedan,68244.2,18,2017,No,Yes
29029.03,SAV,148346.7,34,2017,Yes,Yes
19575.26,Sedan,61395.7,35,2014,No,Yes
25504.46,Sedan,91489.5,27,2016,Yes,Yes
22435.76,SAV,72204.0,36,2015,No,Yes
18253.68,SAV,63711.7,37,2018,No,No
33175.36,Sedan,74452.9,20,2017,Yes,Yes
23963.18,SUV,114667.4,26,2017,No,Yes
31439.92,Small,94899.6,51,2017,No,Yes
25911.68,SAV,58824.4,49,2018,Yes,Yes
33368.21,SUV,81819.4,35,2018,Yes,No
25319.84,SUV,74893.6,61,2018,No,Yes
21514.21,SAV,82767.5,30,2014,Yes,Yes
24897.16,Sedan,195405.1,43,2012,Yes,Yes
28847.11,SAV,152027.3,36,2016,No,Yes
20327.17,Sedan,117716.6,30,2018,No,Yes
29291.11,SAV,150461.3,35,2018,Yes,No
22509.06,SAV,131912.4,44,2015,No,Yes
30129.1,SAV,109849.1,26,2018,No,No
13499.66,SAV,62803.1,20,2017,No,Yes
29076.25,SAV,65648.4,38,2018,No,Yes
26847.53,Sedan,119478.8,28,2018,No,Yes
23468.73,Small,112526.8,38,2018,Yes,No
30950.34,SAV,112822.8,51,2017,Yes,Yes
30239.09,Sedan,112780.8,45,2018,Yes,No
23313.5,Small,82537.5,19,2016,Yes,No
27481.17,SAV,90340.8,44,2016,Yes,No
24511.91,Sedan,77485.8,44,2015,No,Yes
36033.54,SUV,85080.0,50,2016,Yes,Yes
29751.82,Sedan,128271.4,45,2019,Yes,Yes
28220.92,Sedan,95973.7,26,2018,No,No
22404.51,Sedan,122167.0,43,2018,No,No
36511.48,SAV,138115.9,43,2016,Yes,Yes
25546.26,SAV,106435.1,38,2016,Yes,Yes
23090.53,SAV,78182.0,18,2015,No,No
26962.53,SAV,103281.4,50,2018,No,Yes
26239.0,SAV,70070.4,38,2016,Yes,Yes
25753.01,SAV,67788.2,45,2016,Yes,Yes
28331.74,Sedan,80769.0,46,2018,Yes,Yes
21421.87,Sedan,72780.2,41,2018,No,Yes
16908.86,Sedan,53798.3,22,2015,No,Yes
16512.92,Sedan,67166.0,49,2019,No,Yes
12398.54,SAV,72263.0,20,2013,No,Yes
27740.68,Sedan,96559.9,37,2015,No,No
16883.07,Sedan,52223.3,25,2018,No,Yes
17944.94,Small,76896.3,21,2015,No,Yes
28287.49,SAV,114286.0,46,2018,Yes,Yes
22959.87,Sedan,108374.0,49,2017,No,Yes
18364.28,SAV,74200.3,30,2016,No,Yes
24002.77,Sedan,124737.6,40,2016,No,Yes
14663.27,SAV,87759.7,21,2013,No,No
19939.01,SAV,91686.8,22,2017,No,Yes
20158.42,Sedan,144197.3,32,2016,No,Yes
24442.38,Sedan,93093.8,50,2016,No,Yes
15253.28,Sedan,89768.5,24,2018,No,Yes
26207.15,Sedan,75394.7,30,2018,No,Yes
23091.93,Sedan,94045.8,63,2018,No,Yes
17010.52,Small,69551.6,29,2018,No,Yes
23726.36,Sedan,102864.2,30,2014,Yes,No
30715.79,Sedan,153394.7,49,2013,No,Yes
32229.85,Sedan,113050.3,50,2017,No,No
23467.09,Small,62651.7,56,2018,No,Yes
22318.75,SAV,83860.7,38,2017,No,Yes
20371.48,Sedan,72206.9,24,2012,Yes,No
27098.13,Small,86597.1,57,2018,Yes,Yes
30462.91,SAV,84160.1,51,2018,No,Yes
22234.66,Sedan,82378.7,44,2019,No,Yes
21556.87,Small,98144.0,55,2018,No,No
27560.3,Small,119248.2,57,2016,Yes,Yes
26651.37,Sedan,98316.2,31,2019,Yes,Yes
24652.82,Sedan,105195.3,55,2017,No,No
22298.17,SAV,107200.2,46,2019,No,Yes
20909.57,Sedan,91555.5,59,2019,No,No
22427.33,SAV,60538.0,34,2014,No,No
24248.7,Sedan,138961.7,31,2014,Yes,No
19480.09,Sedan,48894.4,28,2014,Yes,No
24622.42,Sedan,55849.1,36,2018,No,No
22425.33,SAV,78491.1,23,2018,No,No
30942.46,Sedan,108031.7,60,2018,Yes,Yes
24144.14,Sedan,94424.2,42,2015,No,Yes
21722.39,Sedan,120943.2,52,2018,No,Yes
24469.01,Sedan,85169.2,22,2017,Yes,Yes
22748.81,Small,98223.8,42,2017,No,Yes
21252.22,SUV,114221.2,55,2013,No,Yes
23242.06,SUV,63497.4,35,2019,No,Yes
32639.06,SUV,103632.8,49,2017,Yes,Yes
24171.49,SUV,83839.5,32,2017,Yes,Yes
35260.81,SAV,165233.5,50,2013,Yes,Yes
30409.42,Sedan,161737.3,52,2014,Yes,Yes
33981.69,Sedan,89783.5,49,2019,Yes,Yes
29320.59,Sedan,62648.7,35,2014,No,Yes
26286.97,Sedan,171290.8,64,2016,No,Yes
21138.08,SAV,97465.0,29,2017,No,Yes
24068.67,SAV,94174.3,24,2017,Yes,Yes
17956.03,SAV,95886.2,63,2017,No,Yes
35654.89,Sedan,122389.0,38,2016,Yes,No
21853.85,Small,89838.4,27,2016,Yes,No
27863.97,SAV,86862.8,49,2018,Yes,Yes
26081.21,Sedan,81670.7,42,2016,No,Yes
30132.6,SAV,55535.5,46,2018,No,Yes
39863.98,Sedan,111903.2,49,2019,Yes,Yes
23264.45,Sedan,94943.7,29,2017,No,Yes
19440.23,Sedan,97675.4,42,2012,No,Yes
20230.45,Small,163871.9,53,2016,No,Yes
26929.63,Sedan,66468.7,72,2017,No,No
35422.28,SAV,94859.3,47,2018,No,Yes
28451.49,Sedan,81091.1,36,2015,Yes,No
